id,first_name,last_name,email,gender,city
1,Emerson,Seegar,eseegar0@weibo.com,Male,Tougan
2,Tripp,Sarjent,tsarjent1@stanford.edu,Male,Dordrecht
3,Rene,Lovat,rlovat2@icq.com,Female,São Pedro
4,Merrick,D'Errico,mderrico3@bloglines.com,Male,Police nad Metují
5,Tally,Vickers,tvickers4@godaddy.com,Male,Wobulenzi
6,Livvyy,Halloway,lhalloway5@sina.com.cn,Female,Khal’ch
7,Cullan,Thormwell,cthormwell6@posterous.com,Male,Komysh-Zorya
8,Caresa,Thys,cthys7@marriott.com,Female,Zernograd
9,Keane,Pandie,kpandie8@cdc.gov,Male,Shuishiying
10,Aloysia,Pickerin,apickerin9@sogou.com,Female,Jiexiu
11,Bea,Wanek,bwaneka@canalblog.com,Female,Wuchagou
12,Ofelia,Yakovlev,oyakovlevb@google.com.hk,Female,Alingsås
13,Alley,Sappson,asappsonc@histats.com,Male,Shucheng Chengguanzhen
14,Amelina,Coolican,acoolicand@baidu.com,Female,Kochevo
15,Dorolisa,Tidswell,dtidswelle@noaa.gov,Female,Pego Longo
16,Nowell,Simeone,nsimeonef@bing.com,Male,Quşrah
17,Marlowe,Vandenhoff,mvandenhoffg@umn.edu,Male,Duzhenwan
18,Thorn,Rivaland,trivalandh@webs.com,Male,Mabunga
19,Hermie,Robbert,hrobberti@g.co,Male,Novyye Kuz’minki
20,Cully,Habert,chabertj@ft.com,Male,Bejuco
21,Burtie,Huyche,bhuychek@hexun.com,Male,Yinglan
22,Renie,Pendrich,rpendrichl@sbwire.com,Female,Calizo
23,Mathian,Howerd,mhowerdm@rediff.com,Male,Strömsund
24,Rudolf,Mc Menamin,rmcmenaminn@psu.edu,Male,Jevremovac
25,Ervin,Rousel,erouselo@wired.com,Male,Hai Riêng
26,Angus,Matzkaitis,amatzkaitisp@newsvine.com,Male,Aldergrove
27,Elke,Mityashin,emityashinq@hp.com,Female,Isabela
28,Gage,Kleinzweig,gkleinzweigr@linkedin.com,Male,Hezhang
29,Melissa,Johnes,mjohness@washingtonpost.com,Female,Santiago de Cao
30,Jess,Questier,jquestiert@studiopress.com,Male,Zouma
31,Emmie,Cerro,ecerrou@hc360.com,Female,Taposan
32,Oliver,Skein,oskeinv@e-recht24.de,Male,Bula
33,Josie,Vassie,jvassiew@webnode.com,Female,Kiangan
34,Willard,Maffy,wmaffyx@issuu.com,Male,Rawson
35,Darnell,Boddam,dboddamy@oakley.com,Male,Huxiaoqiao
36,Corbet,Pickring,cpickringz@nasa.gov,Male,Neob
37,Giacopo,Loughney,gloughney10@jimdo.com,Male,Aoqiao
38,Brita,Gligoraci,bgligoraci11@state.gov,Female,Novomichurinsk
39,Corby,O'Fogarty,cofogarty12@miibeian.gov.cn,Male,Itaperuçu
40,Nicolea,Perse,nperse13@vinaora.com,Female,Agboville
41,Carrie,Burnet,cburnet14@desdev.cn,Female,Bojadła
42,Tiffani,Kelway,tkelway15@mayoclinic.com,Female,Trebisht-Muçinë
43,Eugenie,Leyson,eleyson16@prlog.org,Female,Xiaoqi
44,Car,Kleen,ckleen17@bigcartel.com,Male,Ukhta
45,Leann,Stolte,lstolte18@java.com,Female,Gulbene
46,Carol,Pyburn,cpyburn19@fastcompany.com,Female,Sipeng
47,Leonelle,Indgs,lindgs1a@icio.us,Female,Mojokerto
48,Sky,MacIlhagga,smacilhagga1b@myspace.com,Male,Rio Formoso
49,Alfreda,McAndrew,amcandrew1c@dedecms.com,Female,Yunxi
50,Jeramey,Foxcroft,jfoxcroft1d@mail.ru,Male,Krajan Gajahmati
51,Michel,Clemo,mclemo1e@cocolog-nifty.com,Male,Tanenofunan
52,Lilith,Defau,ldefau1f@scientificamerican.com,Female,Manggekompo
53,Reginald,Tern,rtern1g@gizmodo.com,Male,Wan’an
54,Aldridge,Boardman,aboardman1h@sohu.com,Male,Obiliq
55,Ernestus,Boichat,eboichat1i@whitehouse.gov,Male,Buffalo
56,Demetris,McSperrin,dmcsperrin1j@liveinternet.ru,Female,Kapotnya
57,Luce,Winsiowiecki,lwinsiowiecki1k@gov.uk,Female,København
58,Jereme,Prisk,jprisk1l@privacy.gov.au,Male,Lyon
59,Sigfrid,Unsworth,sunsworth1m@slideshare.net,Male,Pagsañgahan
60,Corella,Kovacs,ckovacs1n@adobe.com,Female,Sayaxché
61,Etheline,Vankov,evankov1o@prweb.com,Female,Yangzizhou
62,Devora,Wait,dwait1p@github.com,Female,Zamora
63,Hurleigh,Sunter,hsunter1q@purevolume.com,Male,Cerrito
64,Augie,Kort,akort1r@telegraph.co.uk,Male,Bailan
65,Elisha,Limpertz,elimpertz1s@tinypic.com,Male,Pringgoboyo
66,Jeanna,Turrill,jturrill1t@kickstarter.com,Female,Piteå
67,Rozamond,Doornbos,rdoornbos1u@stumbleupon.com,Female,Angers
68,Nil,Benmore,nbenmore1v@pbs.org,Male,Tikhoretsk
69,Karylin,Orleton,korleton1w@de.vu,Female,Ramadi
70,Genni,Lean,glean1x@seesaa.net,Female,Laixi
71,Ralf,Gromley,rgromley1y@google.com.hk,Male,Banjar Ambengan
72,Corry,Chappelow,cchappelow1z@fema.gov,Female,Montevista
73,Griffy,Stranio,gstranio20@smh.com.au,Male,Salta
74,Enrico,Pashan,epashan21@clickbank.net,Male,Abeokuta
75,Sadie,Ranscombe,sranscombe22@examiner.com,Female,Diapaga
76,Aida,Barmadier,abarmadier23@arizona.edu,Female,Lhari
77,Mikaela,Olding,molding24@psu.edu,Female,Paso de los Libres
78,Pascale,Searle,psearle25@people.com.cn,Male,Punta Arenas
79,Darb,Pawlata,dpawlata26@ask.com,Female,Liuxia
80,Ronnie,Grainger,rgrainger27@wikispaces.com,Male,Almalaguês
81,Ernesta,Andell,eandell28@wp.com,Female,København
82,Zollie,Trowle,ztrowle29@lycos.com,Male,Boulder
83,Darcie,Holbarrow,dholbarrow2a@wsj.com,Female,Romanovskaya
84,Alric,Stowers,astowers2b@cdc.gov,Male,Hetan
85,Elianora,Kermott,ekermott2c@vistaprint.com,Female,Andkhōy
86,Nancy,Kiff,nkiff2d@cafepress.com,Female,Dolsk
87,Ashley,Burgill,aburgill2e@opensource.org,Male,Seaforth
88,Geri,Giannassi,ggiannassi2f@gov.uk,Female,Guanaja
89,Gib,Pavel,gpavel2g@gmpg.org,Male,Maloye Verevo
90,Jaime,Dhenin,jdhenin2h@storify.com,Male,Dembéni
91,Wit,Sunners,wsunners2i@hc360.com,Male,Tunguang
92,Travis,Martynikhin,tmartynikhin2j@unblog.fr,Male,Pondokrejo Wetan
93,Clarke,Matura,cmatura2k@house.gov,Male,Shanxi
94,Deni,Balsdone,dbalsdone2l@seesaa.net,Female,Tibakisa
95,Mabelle,Tuckerman,mtuckerman2m@t-online.de,Female,Messina
96,Parrnell,Redfern,predfern2n@ycombinator.com,Male,Xiejiatan
97,Paton,Tissiman,ptissiman2o@ezinearticles.com,Male,Zhongzhou
98,Dillon,Ladewig,dladewig2p@github.com,Male,Pocohuanca
99,Gauthier,Hunnaball,ghunnaball2q@tmall.com,Male,Dankalwa
100,Micky,Carreck,mcarreck2r@independent.co.uk,Male,Cikupa
101,Alexa,Ferrarini,aferrarini2s@1688.com,Female,Cakungsari
102,Robby,Seydlitz,rseydlitz2t@t-online.de,Female,Pont-Rouge
103,Vincent,Elstow,velstow2u@furl.net,Male,Beverwijk
104,Leroy,Bette,lbette2v@bbc.co.uk,Male,Potrerillos Arriba
105,Dynah,Culcheth,dculcheth2w@ftc.gov,Female,Szczurowa
106,Gusty,Bramich,gbramich2x@multiply.com,Female,Yingtou
107,Garek,Ziehms,gziehms2y@forbes.com,Male,Guifões
108,Mel,Wythe,mwythe2z@homestead.com,Male,Novozybkov
109,Ray,Humpatch,rhumpatch30@arstechnica.com,Male,Penanggal
110,Ingrim,Grunson,igrunson31@paypal.com,Male,Koina
111,Howie,McVanamy,hmcvanamy32@alibaba.com,Male,Manhuaçu
112,Monique,McCroft,mmccroft33@techcrunch.com,Female,Zungeru
113,Warden,Hancell,whancell34@patch.com,Male,Sofia
114,Drusie,Wyse,dwyse35@bravesites.com,Female,Hali
115,Helga,Curson,hcurson36@loc.gov,Female,Oesain
116,Tiler,Bailess,tbailess37@csmonitor.com,Male,Jeong
117,Kaia,Zorzetti,kzorzetti38@ed.gov,Female,Quintães
118,Regan,McGrail,rmcgrail39@google.cn,Male,Itajubá
119,Enrichetta,Stangroom,estangroom3a@yale.edu,Female,Rebe
120,Ann-marie,Abbes,aabbes3b@wunderground.com,Female,Kanaya
121,Eleanor,Dallosso,edallosso3c@adobe.com,Female,Prakhon Chai
122,Townie,Iacoviello,tiacoviello3d@china.com.cn,Male,Lam Sonthi
123,Garnette,Waddy,gwaddy3e@etsy.com,Female,Benito Juarez
124,Iorgo,Yeates,iyeates3f@t.co,Male,Ensanche Luperón
125,Rockie,Bilton,rbilton3g@tripadvisor.com,Male,Apóstoles
126,Liz,Ferraresi,lferraresi3h@cbc.ca,Female,El Paso
127,Corella,Cammack,ccammack3i@nsw.gov.au,Female,General Villegas
128,Hermione,Bendtsen,hbendtsen3j@360.cn,Female,Petrozavodsk
129,Frazer,Birtwisle,fbirtwisle3k@salon.com,Male,Montilla
130,Maitilde,McGifford,mmcgifford3l@google.co.jp,Female,Paris 17
131,Florentia,Wood,fwood3m@ox.ac.uk,Female,Dahuang
132,Kerry,Gush,kgush3n@comcast.net,Male,Ho
133,Arleta,Girardey,agirardey3o@state.tx.us,Female,Amparafaravola
134,Elbert,Dermott,edermott3p@dmoz.org,Male,Qiaolin
135,Mic,Sieghart,msieghart3q@google.cn,Male,Zhoujiang
136,Neal,Noel,nnoel3r@hexun.com,Male,Quezon City
137,Elvyn,Akhurst,eakhurst3s@sun.com,Male,Zaragoza
138,Grant,Gibbins,ggibbins3t@miitbeian.gov.cn,Male,Dingle
139,Faythe,O'Kelly,fokelly3u@usgs.gov,Female,Dearborn
140,Norma,Giottoi,ngiottoi3v@artisteer.com,Female,Quintãs
141,Rodie,Dowsett,rdowsett3w@multiply.com,Female,Chengbei
142,Elke,Lyndon,elyndon3x@washingtonpost.com,Female,Abovyan
143,Constantin,Saltman,csaltman3y@soundcloud.com,Male,Uluarang
144,Petronella,Devericks,pdevericks3z@merriam-webster.com,Female,Anliang
145,Kassey,Delgua,kdelgua40@oaic.gov.au,Female,Ghār al Milḩ
146,Agathe,Dearsley,adearsley41@disqus.com,Female,Marshintsy
147,Colan,Wheelband,cwheelband42@pen.io,Male,Požarevac
148,Claude,Gosden,cgosden43@prnewswire.com,Female,Kuala Terengganu
149,Yolane,Harken,yharken44@imgur.com,Female,Mancilang
150,Jandy,Nuschke,jnuschke45@wp.com,Female,Samālūţ
151,Kerrie,Busher,kbusher46@yellowbook.com,Female,Ouani
152,Leonidas,Wulfinger,lwulfinger47@hud.gov,Male,Sakura
153,Lorianna,McGerr,lmcgerr48@imgur.com,Female,Temperak
154,Paulita,Ellice,pellice49@bluehost.com,Female,Yueyang
155,Yul,Wheeler,ywheeler4a@vinaora.com,Male,Comrat
156,Gypsy,Ungerecht,gungerecht4b@icq.com,Female,Messina
157,Rance,Anthonsen,ranthonsen4c@upenn.edu,Male,Fonte Boa da Brincosa
158,Dyanna,Ebbutt,debbutt4d@weather.com,Female,Zhujiang
159,Virge,Busch,vbusch4e@buzzfeed.com,Male,Soasio
160,Early,Sapey,esapey4f@wix.com,Male,Seteluk Tengah
161,Reuven,Galletly,rgalletly4g@rediff.com,Male,Jieshou
162,Rickard,Colls,rcolls4h@arstechnica.com,Male,Aguadas
163,Faye,Marson,fmarson4i@spotify.com,Female,Årsta
164,Claudius,Romanet,cromanet4j@histats.com,Male,Frederiksberg
165,Carey,Pawden,cpawden4k@va.gov,Female,Kaniów
166,Vance,Macartney,vmacartney4l@goo.ne.jp,Male,Seputih
167,Tallou,Stopper,tstopper4m@wordpress.org,Female,Delanggu
168,Ellsworth,Fippe,efippe4n@yahoo.com,Male,Mollas
169,Chelsy,Trevaskiss,ctrevaskiss4o@privacy.gov.au,Female,Socorro
170,Lydie,Hall,lhall4p@squidoo.com,Female,Rinbung
171,Jeanine,Marvel,jmarvel4q@simplemachines.org,Female,Pau
172,Audry,Deverose,adeverose4r@tinypic.com,Female,Anle
173,Verina,Biggerdike,vbiggerdike4s@amazon.de,Female,Balungao
174,Josselyn,Humbell,jhumbell4t@blogtalkradio.com,Female,Siguiri
175,Torin,Brizland,tbrizland4u@statcounter.com,Male,Tulsa
176,Herrick,Johnsey,hjohnsey4v@rakuten.co.jp,Male,Huilong
177,Terrill,McCaig,tmccaig4w@google.com.hk,Male,Karangpocok
178,Melinda,Lightowlers,mlightowlers4x@google.de,Female,‘Arad
179,Edsel,Atton,eatton4y@smh.com.au,Male,Mlanggeng
180,Frasier,McCrum,fmccrum4z@netscape.com,Male,Yinjiacheng
181,Witty,Peplow,wpeplow50@cmu.edu,Male,Xinfang
182,Bonnee,Denning,bdenning51@mtv.com,Female,Anhua Daying
183,Lucas,de Quesne,ldequesne52@timesonline.co.uk,Male,Banjar Brahmanabukit
184,Garrik,Jery,gjery53@4shared.com,Male,Hendala
185,Kyle,Goom,kgoom54@vistaprint.com,Male,Palenggihan
186,Vivi,Jorioz,vjorioz55@wsj.com,Female,Xike
187,Vinny,Egre,vegre56@hubpages.com,Female,Fenghui
188,Stafani,Vian,svian57@last.fm,Female,Celestynów
189,Scarface,Le Strange,slestrange58@phoca.cz,Male,Studená
190,Alfredo,Allan,aallan59@mozilla.org,Male,Machang
191,Aubine,Winpenny,awinpenny5a@noaa.gov,Female,Gayam
192,Titos,Phidgin,tphidgin5b@jigsy.com,Male,Oeri’u
193,Lucas,Newlyn,lnewlyn5c@ebay.co.uk,Male,Sumberagung
194,Alvy,Cottage,acottage5d@imdb.com,Male,Xiaxi
195,Ingar,Willox,iwillox5e@comcast.net,Male,Londrina
196,Susannah,Yakebovitch,syakebovitch5f@chronoengine.com,Female,Santa Rosa de Copán
197,Rodolph,Sichardt,rsichardt5g@sun.com,Male,Osiek
198,Corette,Valente,cvalente5h@blogger.com,Female,Sumisip
199,Nealy,Swatradge,nswatradge5i@dailymail.co.uk,Male,Valbonë
200,Perry,Stopper,pstopper5j@yolasite.com,Female,Wanju
201,Odelia,Gligoraci,ogligoraci5k@examiner.com,Female,Huili
202,Carolyn,Eby,ceby5l@theglobeandmail.com,Female,Orléans
203,Monroe,Flowith,mflowith5m@vimeo.com,Male,San Carlos
204,Tracey,Hourahan,thourahan5n@yellowbook.com,Male,Dianya
205,Jesse,Cicchillo,jcicchillo5o@marriott.com,Male,Buena Esperanza
206,Devonne,Pritchard,dpritchard5p@storify.com,Female,Lorengau
207,Lorilyn,Bear,lbear5q@cnbc.com,Female,Mukdahan
208,Briana,Radolf,bradolf5r@vkontakte.ru,Female,Yafran
209,Teodorico,Fleay,tfleay5s@reverbnation.com,Male,Ikoma
210,Marilee,Solomonides,msolomonides5t@deliciousdays.com,Female,Taman
211,Debera,Yesenev,dyesenev5u@1688.com,Female,Liucheng
212,Lita,Ackenson,lackenson5v@twitpic.com,Female,Milín
213,Eddie,Ratcliffe,eratcliffe5w@mapy.cz,Male,Sīrīs
214,Timothea,Cockerton,tcockerton5x@myspace.com,Female,Albania
215,Libby,Falloon,lfalloon5y@wikia.com,Female,Beverwijk
216,Mada,Ornelas,mornelas5z@fastcompany.com,Female,Horka nad Moravou
217,Ethelyn,Chelam,echelam60@omniture.com,Female,Mashan
218,Kev,Petchey,kpetchey61@comcast.net,Male,Esperantina
219,Milt,Minton,mminton62@purevolume.com,Male,Dasheng
220,Derek,de Mendoza,ddemendoza63@ameblo.jp,Male,Baihua
221,Brady,Shirtcliffe,bshirtcliffe64@instagram.com,Male,Rouen
222,Esteban,Lewry,elewry65@networkadvertising.org,Male,Changning
223,Ilise,Edeson,iedeson66@mail.ru,Female,Łąka Prudnicka
224,Moira,Sammes,msammes67@cargocollective.com,Female,Draguignan
225,Gus,Pennell,gpennell68@ucoz.ru,Male,Oslo
226,Kendell,Galletly,kgalletly69@cpanel.net,Male,Bassila
227,Ogdon,Le Claire,oleclaire6a@yelp.com,Male,Xinglin
228,Jorge,Norman,jnorman6b@pbs.org,Male,Juan L. Lacaze
229,Kimmie,Chastanet,kchastanet6c@wired.com,Female,Jintang
230,Noll,Scutchin,nscutchin6d@cbslocal.com,Male,Vukovar
231,Gaelan,Fairley,gfairley6e@bbb.org,Male,Paris 15
232,Katerina,Henrot,khenrot6f@amazon.de,Female,Jauja
233,Chelsie,Easterby,ceasterby6g@surveymonkey.com,Female,Nîmes
234,Monte,Flye,mflye6h@amazon.com,Male,Cela
235,Pennie,Paramor,pparamor6i@joomla.org,Male,Staryy Sambor
236,Pauletta,Artz,partz6j@php.net,Female,Ḩadīdah
237,Dannye,Priel,dpriel6k@epa.gov,Female,Sandwīp
238,Merrily,Kinney,mkinney6l@spiegel.de,Female,Edinburgh of the Seven Seas
239,Elly,Chippendale,echippendale6m@oaic.gov.au,Female,Batán
240,Ely,Fader,efader6n@ftc.gov,Male,Samayac
241,Lotta,Spaldin,lspaldin6o@tripadvisor.com,Female,Naifalo
242,Hoebart,Seel,hseel6p@washingtonpost.com,Male,Yaxi
243,Jazmin,Chalker,jchalker6q@google.com,Female,Jawf al Maqbābah
244,Demott,Wesley,dwesley6r@privacy.gov.au,Male,Jaroměřice
245,Alfy,Harbinson,aharbinson6s@purevolume.com,Female,Mentaraman Satu
246,Lorna,Blodgett,lblodgett6t@behance.net,Female,Bilüü
247,Oralle,Gallahar,ogallahar6u@kickstarter.com,Female,General Roca
248,Sigfried,Balsdone,sbalsdone6v@fastcompany.com,Male,Großklein
249,Dannel,Matic,dmatic6w@skype.com,Male,Ishikawa
250,Jacquelin,Iglesiaz,jiglesiaz6x@mac.com,Female,Jiangbei
251,Lewiss,Dudleston,ldudleston6y@whitehouse.gov,Male,Jiangkou
252,Glenda,Bertie,gbertie6z@t.co,Female,Bílovec
253,Laetitia,Whitticks,lwhitticks70@cargocollective.com,Female,Tranås
254,Mei,Rault,mrault71@apache.org,Female,Belén de Escobar
255,Perren,Danbury,pdanbury72@admin.ch,Male,Nova Kakhovka
256,Elyse,Valois,evalois73@bloglovin.com,Female,Misasi
257,Gaspard,Larmouth,glarmouth74@bing.com,Male,Bebandem
258,Kaycee,Chate,kchate75@japanpost.jp,Female,Sandvika
259,Roda,Mulqueeny,rmulqueeny76@examiner.com,Female,Yangiobod
260,Tybi,Spikins,tspikins77@theglobeandmail.com,Female,St. Catharines
261,Dodie,Brightman,dbrightman78@issuu.com,Female,Progreso
262,Ferdinanda,Frapwell,ffrapwell79@cam.ac.uk,Female,Pueblo Nuevo
263,Sigismundo,Chinnock,schinnock7a@businessinsider.com,Male,Lwengo
264,Galvan,Cossar,gcossar7b@friendfeed.com,Male,Alfenas
265,Carrol,Margram,cmargram7c@blogger.com,Male,Osnabrück
266,Ysabel,Dongles,ydongles7d@icq.com,Female,Ghāt
267,Crawford,Walklate,cwalklate7e@cocolog-nifty.com,Male,Imġarr
268,Corenda,Tommis,ctommis7f@skype.com,Female,Pyrgetós
269,Tom,Layus,tlayus7g@com.com,Male,Cadiz
270,Crosby,Labarre,clabarre7h@gravatar.com,Male,Sunnyvale
271,Oswell,Duckerin,oduckerin7i@statcounter.com,Male,Sakassou
272,Tate,Baudts,tbaudts7j@hc360.com,Female,Ōmiya
273,Fran,Diffley,fdiffley7k@reuters.com,Male,Baiyang
274,Trumaine,Leary,tleary7l@ox.ac.uk,Male,Cowansville
275,Filmore,Blythe,fblythe7m@fotki.com,Male,Dusun Tengah Cihaurbeuti
276,Randy,Adamovitch,radamovitch7n@uiuc.edu,Female,Kunsan
277,Ash,Dunguy,adunguy7o@nbcnews.com,Male,Kizil
278,Tawsha,Pipe,tpipe7p@yellowpages.com,Female,Mariinsk
279,Guenevere,Heijnen,gheijnen7q@who.int,Female,Shangcai Zhongxing
280,Sherye,Huey,shuey7r@mozilla.com,Female,Baytā al Fawqā
281,Irv,Nizard,inizard7s@odnoklassniki.ru,Male,Cabodiongan
282,Yardley,Doole,ydoole7t@altervista.org,Male,Tochigi
283,Zacherie,Capaldo,zcapaldo7u@howstuffworks.com,Male,Zürich
284,Stephi,Jost,sjost7v@umich.edu,Female,Leuwayang
285,Rosamund,Harbord,rharbord7w@uiuc.edu,Female,Bulu
286,Augusta,Climance,aclimance7x@icq.com,Female,Wotho
287,Abner,Exell,aexell7y@etsy.com,Male,Budaka
288,Dominik,O' Molan,domolan7z@phoca.cz,Male,Aba
289,Blaire,Smithson,bsmithson80@imdb.com,Female,Bonga
290,Leonora,Lello,llello81@gnu.org,Female,Chalu
291,Ram,Grassick,rgrassick82@google.pl,Male,Nanyang
292,Ozzy,Qusklay,oqusklay83@networksolutions.com,Male,Zhangxiang
293,Arther,Milham,amilham84@umich.edu,Male,Shufeng
294,Casandra,Kimblin,ckimblin85@amazon.co.jp,Female,Jiangkou
295,Tannie,Derrell,tderrell86@artisteer.com,Male,Shuiquan
296,Dyan,Alastair,dalastair87@examiner.com,Female,Yoshkar-Ola
297,Sofie,Wassung,swassung88@sciencedaily.com,Female,Nukuoro
298,Goober,Bryan,gbryan89@rediff.com,Male,Santa Adélia
299,Moselle,Lough,mlough8a@cargocollective.com,Female,Xianhe
300,Wolf,Girardetti,wgirardetti8b@studiopress.com,Male,Balong Wetan
301,Alan,Portinari,aportinari8c@psu.edu,Male,Mojkovac
302,Tannie,Walkowski,twalkowski8d@ocn.ne.jp,Male,Miaoxi
303,Levey,Soloway,lsoloway8e@china.com.cn,Male,Kota Kinabalu
304,Cordelie,Milkeham,cmilkeham8f@epa.gov,Female,Torsby
305,Darnall,Hodgon,dhodgon8g@disqus.com,Male,Olho Marinho
306,Dell,Needham,dneedham8h@goodreads.com,Female,Francisco Beltrão
307,Alexandrina,Woodhams,awoodhams8i@yellowbook.com,Female,Āsmār
308,Ellsworth,Brocklehurst,ebrocklehurst8j@gmpg.org,Male,San Miguel
309,Cathyleen,Gisburne,cgisburne8k@rambler.ru,Female,Matwaḩ
310,Alberto,Mandres,amandres8l@loc.gov,Male,Qunsheng
311,Benoite,Eburah,beburah8m@google.com,Female,Chocz
312,Denna,Eltun,deltun8n@state.tx.us,Female,Rāipur
313,Prent,Madill,pmadill8o@theatlantic.com,Male,Verkhniy Avzyan
314,Haley,Eilles,heilles8p@telegraph.co.uk,Male,Providencia
315,Mommy,Janata,mjanata8q@issuu.com,Female,Gracias
316,Wald,Rustich,wrustich8r@deliciousdays.com,Male,Warburton
317,Garth,Antrack,gantrack8s@wsj.com,Male,San Pedro One
318,Natalya,Furneaux,nfurneaux8t@xinhuanet.com,Female,Qalyūb
319,Neil,Rivett,nrivett8u@army.mil,Male,Shakīso
320,Karalynn,Cambridge,kcambridge8v@cdbaby.com,Female,Sipoholon
321,Morie,Suston,msuston8w@google.pl,Male,Akhfennir
322,Koenraad,Sheber,ksheber8x@scribd.com,Male,Ḩarf al Musaytirah
323,Beth,Roper,broper8y@sitemeter.com,Female,Matão
324,Easter,Mosson,emosson8z@clickbank.net,Female,Manturovo
325,Andreana,Iddins,aiddins90@chron.com,Female,Bualan
326,Kate,Solon,ksolon91@google.com,Female,Belmullet
327,Rebe,Carville,rcarville92@mozilla.org,Female,East Angus
328,Nananne,Moreinis,nmoreinis93@bizjournals.com,Female,Novyy Urgal
329,Paul,Nother,pnother94@ezinearticles.com,Male,Kinalansan
330,Jamal,Folca,jfolca95@opera.com,Male,Xiongzhang
331,Mattie,Roubert,mroubert96@opensource.org,Female,Nubl
332,Gary,Alenichicov,galenichicov97@vinaora.com,Male,Layo
333,Onida,Gartland,ogartland98@123-reg.co.uk,Female,El Rosario
334,Hildagarde,Toll,htoll99@geocities.jp,Female,Xujiahe
335,Poul,Madner,pmadner9a@blogger.com,Male,Sunan
336,Ivie,Dalgety,idalgety9b@acquirethisname.com,Female,Shiqiao
337,Paquito,Bromwich,pbromwich9c@so-net.ne.jp,Male,Tobatí
338,Oates,Raven,oraven9d@google.cn,Male,Cochabamba
339,Merrielle,Whitnell,mwhitnell9e@privacy.gov.au,Female,Pniv
340,Haley,Cadigan,hcadigan9f@list-manage.com,Male,Krajan
341,Devinne,McKerlie,dmckerlie9g@a8.net,Female,Qiandian
342,Cullie,Ainsley,cainsley9h@google.nl,Male,Matelândia
343,Ulrika,Fittes,ufittes9i@usda.gov,Female,Itapetininga
344,Bartholomeo,Spaule,bspaule9j@cdbaby.com,Male,Samoš
345,Adolf,Perico,aperico9k@wufoo.com,Male,Senhor da Serra
346,Sharona,Mawtus,smawtus9l@about.com,Female,Quinjalca
347,Merrilee,Bricksey,mbricksey9m@scribd.com,Female,Fujikawaguchiko
348,Adore,Strooband,astrooband9n@privacy.gov.au,Female,Tvrdonice
349,Worthy,Budcock,wbudcock9o@ustream.tv,Male,Longtian
350,Esma,Rego,erego9p@yahoo.com,Female,København
351,Othello,Tomczynski,otomczynski9q@europa.eu,Male,Avelinha
352,Lou,Pease,lpease9r@craigslist.org,Male,Ptení
353,Gaelan,Domsalla,gdomsalla9s@over-blog.com,Male,Tyresö
354,Marta,Haskins,mhaskins9t@opensource.org,Female,Yangdian
355,Paulita,Yole,pyole9u@eepurl.com,Female,Embarcación
356,Gwennie,Adamolli,gadamolli9v@amazon.co.jp,Female,Rousínov
357,Joellen,Dunbar,jdunbar9w@freewebs.com,Female,Camingawan
358,Bayard,Gaylard,bgaylard9x@123-reg.co.uk,Male,Oke Iho
359,Byrann,Ganning,bganning9y@comsenz.com,Male,Shigu
360,Eyde,Ramshay,eramshay9z@infoseek.co.jp,Female,New York City
361,Willey,Rawcliffe,wrawcliffea0@rambler.ru,Male,Gjirokastër
362,Margaretha,Lazare,mlazarea1@ifeng.com,Female,Puyuan
363,Kean,Le Floch,kleflocha2@miitbeian.gov.cn,Male,As Sayyānī
364,Roy,Skillitt,rskillitta3@google.it,Male,Verkhnyaya Belka
365,Emogene,Tome,etomea4@trellian.com,Female,Marseille
366,Annissa,Boag,aboaga5@census.gov,Female,Pittsburgh
367,Dominique,Blanko,dblankoa6@themeforest.net,Female,Novolugovoye
368,Willette,Wilson,wwilsona7@japanpost.jp,Female,Thành Phố Nam Định
369,Virgil,Hammand,vhammanda8@geocities.com,Male,Sumber
370,Lauritz,Agett,lagetta9@bloglines.com,Male,Gostovići
371,Jareb,Renard,jrenardaa@irs.gov,Male,Yuto
372,Cherin,Faires,cfairesab@princeton.edu,Female,Bene 'Ayish
373,Sayer,Newbury,snewburyac@wiley.com,Male,Phra Phutthabat
374,Maude,Perschke,mperschkead@wunderground.com,Female,Starobelokurikha
375,Alfie,Cosson,acossonae@cpanel.net,Male,Beaufort
376,Vassily,Pitson,vpitsonaf@microsoft.com,Male,Shōbara
377,Octavia,Patel,opatelag@alibaba.com,Female,Limeira
378,Modestia,Mattiazzo,mmattiazzoah@goo.ne.jp,Female,Żarki
379,Barnabas,Dobing,bdobingai@rakuten.co.jp,Male,Tuqiao
380,Jerri,Renehan,jrenehanaj@hugedomains.com,Male,Ondangwa
381,Brad,Whitehouse,bwhitehouseak@timesonline.co.uk,Male,Temperak
382,Engracia,Matevushev,ematevusheval@furl.net,Female,Hroznětín
383,Alfi,Rany,aranyam@abc.net.au,Female,Cigintung
384,Holden,Dhennin,hdhenninan@tripod.com,Male,Barreirinhas
385,Avril,Flatte,aflatteao@ftc.gov,Female,Sexiong
386,Wallis,Ollington,wollingtonap@twitter.com,Female,Longnawang
387,Kipper,McGoon,kmcgoonaq@people.com.cn,Male,Cimara
388,Carmela,Cote,ccotear@parallels.com,Female,Mojogajeh
389,Engracia,Iacomelli,eiacomellias@people.com.cn,Female,Chisht-e Sharīf
390,Diane-marie,Reddell,dreddellat@pbs.org,Female,Balzar
391,Obadias,Girardot,ogirardotau@booking.com,Male,Alepoú
392,Iona,Semrad,isemradav@ca.gov,Female,Baturaden
393,Dannie,Sotham,dsothamaw@google.com.hk,Male,Loncoche
394,Amandy,Laydon,alaydonax@columbia.edu,Female,Taldykorgan
395,Barron,Sabey,bsabeyay@un.org,Male,Nicolas Bravo
396,Abigael,MacDearmont,amacdearmontaz@yelp.com,Female,Maceda
397,Lucky,Lester,llesterb0@list-manage.com,Female,Bungo-Takada-shi
398,Hughie,Terzo,hterzob1@google.cn,Male,Iroquois Falls
399,Haley,Elmes,helmesb2@cmu.edu,Female,Saint Louis
400,Zebulon,Tankin,ztankinb3@uiuc.edu,Male,Ayorou
401,Saxon,Deniskevich,sdeniskevichb4@youtube.com,Male,Gouménissa
402,Candace,Cutriss,ccutrissb5@eventbrite.com,Female,Maindang
403,Tomkin,Curgenuer,tcurgenuerb6@squarespace.com,Male,Kalix
404,Portia,Brignall,pbrignallb7@mac.com,Female,Gavea
405,Katleen,Sorbie,ksorbieb8@oaic.gov.au,Female,Xianzong
406,Karoly,McGreil,kmcgreilb9@about.com,Male,Alcaria
407,Fernando,Perks,fperksba@answers.com,Male,Castelões
408,Melantha,Lisciandro,mlisciandrobb@usda.gov,Female,Dasha
409,Piggy,Bertie,pbertiebc@theguardian.com,Male,Gostyń
410,Eugen,Palfreeman,epalfreemanbd@youtube.com,Male,Momil
411,Edy,Rendall,erendallbe@wordpress.com,Female,Pásion
412,Katti,Kardos,kkardosbf@opensource.org,Female,San Juan Bautista
413,Ardisj,Fronczak,afronczakbg@theglobeandmail.com,Female,Haicheng
414,Arney,Pugsley,apugsleybh@hexun.com,Male,Shangwuzhuang
415,Adolpho,Allsopp,aallsoppbi@sohu.com,Male,Shahbā
416,Berty,Studart,bstudartbj@columbia.edu,Male,Gävle
417,Bowie,Buffey,bbuffeybk@nih.gov,Male,Ural
418,Tiebout,Coogan,tcooganbl@github.io,Male,Bolaoit
419,Boony,Berriman,bberrimanbm@instagram.com,Male,Fort Wayne
420,Stephen,O'Dunneen,sodunneenbn@usnews.com,Male,Marbel
421,Leonard,Coom,lcoombo@adobe.com,Male,Doetinchem
422,Germain,Coupman,gcoupmanbp@chronoengine.com,Female,Lama
423,Codie,Grassick,cgrassickbq@diigo.com,Female,Rusip
424,Arie,McGannon,amcgannonbr@microsoft.com,Male,Chatuchak
425,Raquel,Baudins,rbaudinsbs@sciencedaily.com,Female,Gōtsuchō
426,Sampson,Hogben,shogbenbt@ucla.edu,Male,Bakung
427,Isahella,Clemenceau,iclemenceaubu@naver.com,Female,Xiluodu
428,Jany,Morpeth,jmorpethbv@indiegogo.com,Female,Milicz
429,Angie,Tuckwood,atuckwoodbw@163.com,Male,Banga
430,Travers,Aburrow,taburrowbx@slate.com,Male,Dolní Bojanovice
431,Aland,MacKellar,amackellarby@shinystat.com,Male,Tromsø
432,Sheelagh,Sherbrook,ssherbrookbz@nyu.edu,Female,Handegate
433,Maitilde,Fowley,mfowleyc0@abc.net.au,Female,Aheloy
434,Meredith,Arangy,marangyc1@arstechnica.com,Female,Kalipare
435,Reinaldos,Whinney,rwhinneyc2@ftc.gov,Male,Fatubia
436,Israel,Scamwell,iscamwellc3@icio.us,Male,Ning’er
437,Gayleen,Fabry,gfabryc4@photobucket.com,Female,Lamalera
438,Bernardina,Hinge,bhingec5@dot.gov,Female,Poitiers
439,Ephrem,Studd,estuddc6@photobucket.com,Male,Lawonda
440,Arda,Salasar,asalasarc7@example.com,Female,Orléans
441,Hal,Ringwood,hringwoodc8@sakura.ne.jp,Male,San Juan
442,Carlina,Gardiner,cgardinerc9@chronoengine.com,Female,Södertälje
443,Josepha,Corpes,jcorpesca@xing.com,Female,Mucurapo
444,Britney,Kewley,bkewleycb@imgur.com,Female,Zhenghu
445,Jobye,Wyborn,jwyborncc@europa.eu,Female,Kabaty
446,Janet,Rossant,jrossantcd@blog.com,Female,Yelwa
447,Urbain,Keward,ukewardce@eepurl.com,Male,Lanuza
448,Benjie,Gilbee,bgilbeecf@europa.eu,Male,Gubo
449,Arlin,Crathorne,acrathornecg@noaa.gov,Male,Vinhedo
450,Loralyn,Filon,lfilonch@alexa.com,Female,Cuilco
451,Gertrudis,Wilden,gwildenci@timesonline.co.uk,Female,Varaždin
452,Krisha,Howat,khowatcj@bluehost.com,Male,Klinan
453,Oliver,Pharoah,opharoahck@addtoany.com,Male,Majie
454,Crawford,Izachik,cizachikcl@pcworld.com,Male,Krasnyy Yar
455,Floris,Clapperton,fclappertoncm@cnbc.com,Female,Banjar Danginsema
456,Charlotta,Izzatt,cizzattcn@gmpg.org,Female,Tagbilaran City
457,Verna,Orteu,vorteuco@businessinsider.com,Female,Kedawung
458,Maison,Girth,mgirthcp@ihg.com,Male,San Vicente
459,Peggy,Stebbings,pstebbingscq@etsy.com,Female,Cisompet
460,Aurthur,Bortolini,abortolinicr@jigsy.com,Male,Kunčice pod Ondřejníkem
461,Henrieta,Titmarsh,htitmarshcs@tripadvisor.com,Female,Paoua
462,Stern,Gandley,sgandleyct@wsj.com,Male,Cikadu
463,Wilmer,Klammt,wklammtcu@photobucket.com,Male,Ballyhaunis
464,Jessee,Hilliam,jhilliamcv@berkeley.edu,Male,San Antonio
465,Daisie,Swannick,dswannickcw@chicagotribune.com,Female,Visaginas
466,Jermain,Ahrend,jahrendcx@51.la,Male,Xincun
467,Philippe,Avraham,pavrahamcy@mac.com,Female,Jawl al Majma‘
468,Dilan,Cumesky,dcumeskycz@ca.gov,Male,Niquero
469,Stephanus,Macoun,smacound0@constantcontact.com,Male,Providencia
470,Granville,Burdin,gburdind1@soup.io,Male,Buaran
471,Gabriella,Saunt,gsauntd2@360.cn,Female,Zaindainxoi
472,Dyane,McGonigle,dmcgonigled3@theguardian.com,Female,Łaskarzew
473,Hall,Oosthout de Vree,hoosthoutdevreed4@cbslocal.com,Male,Fengtang
474,Celestia,Cartledge,ccartledged5@mashable.com,Female,Jakartovice
475,Bone,O'Hartagan,bohartagand6@scientificamerican.com,Male,Sv. Trojica v Slov. Goricah
476,Chev,Daniele,cdanieled7@bluehost.com,Male,"Hospitalet De Llobregat, L'"
477,Linc,Doumic,ldoumicd8@phpbb.com,Male,Dong’an
478,Dayle,Garrold,dgarroldd9@epa.gov,Female,Walagar
479,Tanny,Dibsdale,tdibsdaleda@va.gov,Male,Klembivka
480,Adena,Dow,adowdb@sogou.com,Female,Mambusao
481,Clemmie,Cristofolini,ccristofolinidc@bbc.co.uk,Male,Radzyń Chełmiński
482,Ephrem,Gingles,eginglesdd@hatena.ne.jp,Male,Emmaboda
483,Timmy,Enos,tenosde@desdev.cn,Female,Dawe
484,Elna,Keysall,ekeysalldf@dropbox.com,Female,Salgado
485,Germaine,Frickey,gfrickeydg@google.fr,Male,Chalan Pago-Ordot Village
486,Emilio,Kardos,ekardosdh@dedecms.com,Male,Zoushi
487,Lorinda,Pippin,lpippindi@drupal.org,Female,Sibbo
488,Rani,Bristowe,rbristowedj@flickr.com,Female,Lisala
489,Barrie,De Brett,bdebrettdk@netscape.com,Male,Ji’an
490,Malcolm,Delia,mdeliadl@scientificamerican.com,Male,Neya
491,Kenyon,Le febre,klefebredm@elegantthemes.com,Male,Oslo
492,Gwyn,Whetnell,gwhetnelldn@washingtonpost.com,Female,Banfora
493,Heloise,Syddall,hsyddalldo@ibm.com,Female,Santa Teresita
494,Earlie,Dibbe,edibbedp@theglobeandmail.com,Male,Tepal
495,Joycelin,Sanderson,jsandersondq@netvibes.com,Female,Panognawan
496,Tana,Treffry,ttreffrydr@youtube.com,Female,Benito Juarez
497,Pieter,Rigden,prigdends@google.co.uk,Male,Miaoli
498,Kyla,Barras,kbarrasdt@sphinn.com,Female,Zhongping
499,Liana,Fullstone,lfullstonedu@soup.io,Female,Yatsuomachi-higashikumisaka
500,Alika,Cullinane,acullinanedv@tmall.com,Female,Mancha Khiri
