id,first_name,last_name,email,gender,phone
1,Rae,Seath,rseath0@simplemachines.org,Female,(786) 1639671
2,Siward,Merill,smerill1@squidoo.com,Male,(839) 1956363
3,Osborn,Semrad,osemrad2@ox.ac.uk,Male,(690) 2605026
4,Madeleine,Clissold,mclissold3@slashdot.org,Female,(568) 3200297
5,Ivory,Addey,iaddey4@nationalgeographic.com,Female,(955) 6629551
6,Ezmeralda,Wimpey,ewimpey5@altervista.org,Female,(168) 4032102
7,Roberto,Gethouse,rgethouse6@delicious.com,Male,(242) 9904161
8,Winifred,Beaconsall,wbeaconsall7@ustream.tv,Female,(781) 1274233
9,Brandtr,Gotch,bgotch8@google.nl,Male,(619) 7109229
10,Leda,Vonasek,lvonasek9@google.co.uk,Female,(812) 9485636
11,Ailene,Christoffersen,achristoffersena@intel.com,Female,(862) 4680342
12,Erhard,Mawby,emawbyb@pinterest.com,Male,(761) 6906223
13,Griz,Willows,gwillowsc@fotki.com,Male,(769) 2018646
14,Chas,Eaglestone,ceaglestoned@wufoo.com,Male,(740) 1190107
15,Elianora,Leopold,eleopolde@eepurl.com,Female,(580) 3339513
16,Mile,Elie,melief@stanford.edu,Male,(161) 4862716
17,Noah,Berzin,nberzing@amazonaws.com,Male,(936) 3230407
18,Saunders,Jeanon,sjeanonh@acquirethisname.com,Male,(850) 3345066
19,Seth,McAllan,smcallani@omniture.com,Male,(632) 9220325
20,Townie,Somerville,tsomervillej@businesswire.com,Male,(880) 6157806
21,Grata,Diver,gdiverk@gizmodo.com,Female,(100) 4982186
22,Kenny,Maydway,kmaydwayl@si.edu,Male,(985) 6879010
23,Art,Shilburne,ashilburnem@networkadvertising.org,Male,(342) 2916786
24,Ian,Mecozzi,imecozzin@toplist.cz,Male,(261) 8706116
25,Cecil,Boxill,cboxillo@myspace.com,Male,(869) 1692241
26,Ram,Kyrkeman,rkyrkemanp@psu.edu,Male,(216) 6070837
27,Alejandro,Robertson,arobertsonq@tinyurl.com,Male,(870) 3828118
28,Brandy,Pickles,bpicklesr@yolasite.com,Female,(126) 3982991
29,Perry,Dunsmuir,pdunsmuirs@github.io,Female,(105) 7187529
30,Leupold,O'Dulchonta,lodulchontat@addtoany.com,Male,(368) 3863438
31,Carilyn,Tighe,ctigheu@soundcloud.com,Female,(266) 7418813
32,Vite,Sturgis,vsturgisv@yelp.com,Male,(322) 5141026
33,Jere,Costanza,jcostanzaw@t.co,Female,(898) 2939463
34,Vernon,Ghilardi,vghilardix@utexas.edu,Male,(106) 2488969
35,Corrinne,Gasker,cgaskery@cdbaby.com,Female,(386) 1303460
36,Star,Craufurd,scraufurdz@spiegel.de,Female,(652) 2516176
37,Sibylle,Gomersall,sgomersall10@blogspot.com,Female,(712) 7232568
38,Lydon,Gorton,lgorton11@friendfeed.com,Male,(116) 6105670
39,Lyn,Abatelli,labatelli12@usda.gov,Male,(117) 4228905
40,Ikey,Arnott,iarnott13@bigcartel.com,Male,(979) 8910256
41,Sandor,Bodker,sbodker14@behance.net,Male,(918) 3000753
42,Wynne,Valance,wvalance15@earthlink.net,Female,(255) 2909519
43,Selig,Beatty,sbeatty16@xrea.com,Male,(560) 6423418
44,Neilla,Siggs,nsiggs17@home.pl,Female,(137) 3556191
45,Jan,Steeden,jsteeden18@github.io,Female,(916) 9537140
46,Jarvis,Dewey,jdewey19@psu.edu,Male,(737) 2522688
47,Tammie,Laboune,tlaboune1a@technorati.com,Male,(836) 3074250
48,Gavin,Bilofsky,gbilofsky1b@jimdo.com,Male,(215) 7979907
49,Bert,Glozman,bglozman1c@furl.net,Male,(654) 7979062
50,Bartie,Winsper,bwinsper1d@webeden.co.uk,Male,(342) 2537645
51,Stillman,Paxforde,spaxforde1e@cmu.edu,Male,(110) 2315816
52,Bernete,Hirche,bhirche1f@amazonaws.com,Female,(827) 5784517
53,Mathias,Osinin,mosinin1g@naver.com,Male,(122) 9133973
54,Rosina,Schowenburg,rschowenburg1h@mapy.cz,Female,(897) 5777266
55,Waite,Cordon,wcordon1i@usa.gov,Male,(861) 3124309
56,Celestyna,Broadwell,cbroadwell1j@slate.com,Female,(321) 5682280
57,Francisco,Malafe,fmalafe1k@sourceforge.net,Male,(627) 7727428
58,Berk,Espie,bespie1l@npr.org,Male,(584) 3795316
59,Erika,Aimson,eaimson1m@webmd.com,Female,(757) 4417114
60,Joelynn,McKerlie,jmckerlie1n@bizjournals.com,Female,(878) 8079545
61,Kendall,Bertelet,kbertelet1o@cam.ac.uk,Male,(253) 2002125
62,Errick,Woollcott,ewoollcott1p@yolasite.com,Male,(275) 3927044
63,Chicky,Andreucci,candreucci1q@t.co,Female,(115) 6260015
64,Florence,Hendrichs,fhendrichs1r@alibaba.com,Female,(322) 6914843
65,Henry,Ormerod,hormerod1s@google.com.au,Male,(236) 9496015
66,Brear,Averall,baverall1t@ft.com,Female,(861) 7424799
67,Garwin,Chatwin,gchatwin1u@paypal.com,Male,(393) 7381208
68,Goraud,Garnsworthy,ggarnsworthy1v@t.co,Male,(624) 8099332
69,Sigfried,Russo,srusso1w@nytimes.com,Male,(549) 6908583
70,Frederigo,Dadson,fdadson1x@technorati.com,Male,(634) 7754441
71,Gina,Selby,gselby1y@go.com,Female,(677) 2728709
72,Pier,Emm,pemm1z@privacy.gov.au,Female,(414) 3276389
73,Manon,Gleed,mgleed20@free.fr,Female,(330) 4385527
74,Cirilo,Toupe,ctoupe21@domainmarket.com,Male,(262) 8928565
75,Gregoire,Scini,gscini22@irs.gov,Male,(525) 3162782
76,Willetta,Lindeman,wlindeman23@mediafire.com,Female,(822) 4625355
77,Mariann,Wickson,mwickson24@ovh.net,Female,(272) 8404799
78,Wiley,Sexstone,wsexstone25@imdb.com,Male,(237) 5028093
79,Horst,Timbrell,htimbrell26@nymag.com,Male,(853) 5003215
80,Solomon,Elloy,selloy27@diigo.com,Male,(564) 4574043
81,Ibrahim,Golly,igolly28@ucsd.edu,Male,(187) 4506796
82,Isadora,Brosoli,ibrosoli29@vimeo.com,Female,(325) 4797391
83,Twyla,Feares,tfeares2a@dailymail.co.uk,Female,(998) 5060459
84,Virginia,Strutz,vstrutz2b@wordpress.org,Female,(242) 1001953
85,Rutter,Millimoe,rmillimoe2c@dell.com,Male,(580) 1434772
86,Dorri,Izak,dizak2d@comsenz.com,Female,(490) 4050560
87,Isis,Klossek,iklossek2e@earthlink.net,Female,(178) 1595990
88,Bernard,Gierardi,bgierardi2f@comcast.net,Male,(380) 2031950
89,Sully,Husby,shusby2g@google.ca,Male,(954) 8066877
90,Pennie,Nail,pnail2h@nsw.gov.au,Female,(670) 1897883
91,Alec,Garry,agarry2i@surveymonkey.com,Male,(176) 6124815
92,Rhetta,Perris,rperris2j@imageshack.us,Female,(275) 6435136
93,Tess,Poad,tpoad2k@examiner.com,Female,(740) 1794066
94,Yetty,Wordington,ywordington2l@redcross.org,Female,(121) 9230738
95,Robers,Garnsey,rgarnsey2m@hostgator.com,Male,(746) 4038706
96,Guillaume,Hetterich,ghetterich2n@bloomberg.com,Male,(160) 4650136
97,Darnall,Delgardillo,ddelgardillo2o@about.me,Male,(368) 3866212
98,Guntar,Pien,gpien2p@simplemachines.org,Male,(264) 6410157
99,Renaud,Palfrie,rpalfrie2q@histats.com,Male,(422) 7671434
100,Karla,Santorini,ksantorini2r@dedecms.com,Female,(202) 4931484
101,Damien,Tull,dtull2s@so-net.ne.jp,Male,(304) 3297390
102,Scot,MacCafferty,smaccafferty2t@de.vu,Male,(867) 1623223
103,Artie,Somerton,asomerton2u@spiegel.de,Male,(336) 4370254
104,Norean,Everett,neverett2v@state.tx.us,Female,(640) 9608960
105,Karylin,Pollastrino,kpollastrino2w@amazon.co.uk,Female,(955) 4439311
106,Gardie,Hamsley,ghamsley2x@aol.com,Male,(512) 9555509
107,Kitty,Perfili,kperfili2y@facebook.com,Female,(587) 2427570
108,Mathe,Jarvie,mjarvie2z@oaic.gov.au,Male,(387) 6486230
109,Danny,Pegrum,dpegrum30@amazonaws.com,Male,(232) 3020387
110,Margarita,Jouhandeau,mjouhandeau31@pagesperso-orange.fr,Female,(780) 9402502
111,Brandea,Hendrichs,bhendrichs32@nih.gov,Female,(510) 5159379
112,Jammie,Stonelake,jstonelake33@google.com.au,Female,(466) 5268032
113,Jammal,Crayker,jcrayker34@techcrunch.com,Male,(826) 3782093
114,Gabi,Griniov,ggriniov35@edublogs.org,Female,(568) 6169985
115,Oberon,Caulcott,ocaulcott36@ycombinator.com,Male,(152) 4027189
116,Tades,Duckhouse,tduckhouse37@mlb.com,Male,(444) 9324322
117,Gabbey,Erickson,gerickson38@quantcast.com,Female,(877) 1151466
118,Marguerite,Woolham,mwoolham39@xinhuanet.com,Female,(146) 8748899
119,Mandi,Jope,mjope3a@sakura.ne.jp,Female,(793) 3133515
120,Carolee,Beney,cbeney3b@miibeian.gov.cn,Female,(246) 6810527
121,Guillermo,Moreno,gmoreno3c@cdbaby.com,Male,(225) 2350854
122,Maxwell,Brilleman,mbrilleman3d@hexun.com,Male,(517) 2908231
123,Eadie,Culver,eculver3e@wsj.com,Female,(910) 7135820
124,Derek,Borsi,dborsi3f@scientificamerican.com,Male,(343) 7216569
125,Pauline,Spinke,pspinke3g@odnoklassniki.ru,Female,(323) 7619994
126,Bernice,Cristoforetti,bcristoforetti3h@slideshare.net,Female,(199) 6610248
127,Etty,Docharty,edocharty3i@infoseek.co.jp,Female,(115) 2605077
128,Darleen,Capini,dcapini3j@trellian.com,Female,(828) 5610400
129,Lew,Durgan,ldurgan3k@jalbum.net,Male,(932) 6148124
130,Eveline,Bleakley,ebleakley3l@discuz.net,Female,(342) 3771788
131,Husain,O'Hegertie,hohegertie3m@salon.com,Male,(182) 6409896
132,Phillie,Danilyuk,pdanilyuk3n@surveymonkey.com,Female,(877) 9704272
133,Gypsy,Krates,gkrates3o@tinyurl.com,Female,(554) 6947290
134,Maiga,Stango,mstango3p@yandex.ru,Female,(950) 1545635
135,Ruben,Barbery,rbarbery3q@cnn.com,Male,(495) 2472259
136,Hermie,Jacobowicz,hjacobowicz3r@google.nl,Male,(400) 3465758
137,Donall,Le - Count,dlecount3s@cbc.ca,Male,(996) 5103118
138,Hank,Capner,hcapner3t@foxnews.com,Male,(221) 3077841
139,Kerri,Graalman,kgraalman3u@ehow.com,Female,(314) 5890847
140,Arabele,Langstone,alangstone3v@bravesites.com,Female,(640) 9623260
141,Charita,Engley,cengley3w@msn.com,Female,(683) 4846275
142,Cecily,Hardwidge,chardwidge3x@rambler.ru,Female,(627) 6174806
143,Amelia,Sibbering,asibbering3y@state.gov,Female,(858) 7168521
144,Charo,Brozsset,cbrozsset3z@example.com,Female,(522) 2083221
145,Thekla,Decaze,tdecaze40@icq.com,Female,(163) 1084601
146,Carver,Dumper,cdumper41@indiatimes.com,Male,(735) 4480977
147,Maxy,Yerbury,myerbury42@discuz.net,Male,(634) 7057123
148,Dall,Allday,dallday43@twitpic.com,Male,(624) 5633126
149,Jonathon,Raise,jraise44@wp.com,Male,(244) 7453230
150,Teddi,Guyer,tguyer45@bloomberg.com,Female,(716) 4876589
151,Reine,Padula,rpadula46@cbslocal.com,Female,(333) 9701518
152,Wilburt,Burgis,wburgis47@soundcloud.com,Male,(201) 3115372
153,Jarid,Gauler,jgauler48@vistaprint.com,Male,(449) 5203410
154,Bent,Vondra,bvondra49@ow.ly,Male,(574) 2457020
155,Ailyn,Redparth,aredparth4a@quantcast.com,Female,(186) 9319983
156,Ramon,Linfield,rlinfield4b@cocolog-nifty.com,Male,(858) 6213724
157,Emmalyn,Giraldo,egiraldo4c@altervista.org,Female,(973) 6727920
158,Berni,Aylward,baylward4d@blogspot.com,Female,(343) 1115205
159,Hadrian,Wathan,hwathan4e@bbb.org,Male,(411) 6975831
160,Tristan,Keson,tkeson4f@google.nl,Male,(779) 1683150
161,Siouxie,Lucius,slucius4g@newyorker.com,Female,(690) 5496623
162,Pauline,Richford,prichford4h@wordpress.com,Female,(546) 2891217
163,Kalindi,Savaage,ksavaage4i@sogou.com,Female,(469) 8971372
164,Cullie,Meeus,cmeeus4j@merriam-webster.com,Male,(388) 6512277
165,Bernie,Gynni,bgynni4k@npr.org,Female,(314) 7577520
166,Eyde,Kunc,ekunc4l@independent.co.uk,Female,(762) 4123786
167,Ervin,Yearns,eyearns4m@cbslocal.com,Male,(385) 4723529
168,Janenna,Sammut,jsammut4n@hao123.com,Female,(628) 2746807
169,Randall,Realff,rrealff4o@eventbrite.com,Male,(343) 1454396
170,Ynez,Kielty,ykielty4p@about.com,Female,(944) 5737922
171,Muire,Esparza,mesparza4q@usgs.gov,Female,(630) 1702049
172,Tabby,Canlin,tcanlin4r@mayoclinic.com,Male,(485) 6541705
173,Jozef,Heavyside,jheavyside4s@aboutads.info,Male,(682) 5397192
174,Debera,Crass,dcrass4t@cafepress.com,Female,(782) 5211770
175,Sibylle,Lickorish,slickorish4u@businesswire.com,Female,(572) 6271407
176,Hendrika,Coldridge,hcoldridge4v@squidoo.com,Female,(531) 5824466
177,Drud,Howcroft,dhowcroft4w@wix.com,Male,(875) 5027774
178,Dov,Hollyer,dhollyer4x@vinaora.com,Male,(219) 6359467
179,Marcelia,Wyley,mwyley4y@apple.com,Female,(962) 3392550
180,Hebert,MacGill,hmacgill4z@patch.com,Male,(713) 6710635
181,Syman,Alenichev,salenichev50@cyberchimps.com,Male,(478) 1357581
182,Francklyn,Ringham,fringham51@parallels.com,Male,(541) 4145565
183,Carmella,Bristowe,cbristowe52@tinyurl.com,Female,(574) 3736426
184,Kale,Chessman,kchessman53@wufoo.com,Male,(467) 2675620
185,Elle,Winnard,ewinnard54@cnbc.com,Female,(250) 7261151
186,Olia,Cheves,ocheves55@vkontakte.ru,Female,(825) 9421183
187,Robbyn,Splaven,rsplaven56@posterous.com,Female,(205) 5994355
188,Traci,Gorey,tgorey57@sun.com,Female,(617) 2455527
189,Xerxes,Hoff,xhoff58@is.gd,Male,(862) 9608363
190,Marven,Keld,mkeld59@ted.com,Male,(704) 3166972
191,Beale,Sissens,bsissens5a@cocolog-nifty.com,Male,(385) 5899721
192,Rochell,Baudasso,rbaudasso5b@sun.com,Female,(957) 3845154
193,Iorgos,Ebbett,iebbett5c@vinaora.com,Male,(365) 9697889
194,Clotilda,Yeaman,cyeaman5d@icio.us,Female,(550) 8903513
195,Lillian,Pinniger,lpinniger5e@mapy.cz,Female,(392) 5475813
196,Alistair,Houldcroft,ahouldcroft5f@miibeian.gov.cn,Male,(632) 7089656
197,Eric,Linforth,elinforth5g@elegantthemes.com,Male,(338) 7503493
198,Kelsey,Earlam,kearlam5h@businesswire.com,Male,(661) 3363997
199,Fredra,Sowray,fsowray5i@ibm.com,Female,(479) 6429691
200,Nanine,Turri,nturri5j@imageshack.us,Female,(405) 3165430
201,Britte,Lowndsbrough,blowndsbrough5k@hao123.com,Female,(263) 2154801
202,Jerry,Brader,jbrader5l@usda.gov,Male,(693) 7428169
203,Wilhelm,Cowsby,wcowsby5m@dedecms.com,Male,(721) 5569170
204,Alleyn,Torres,atorres5n@stumbleupon.com,Male,(641) 4475384
205,Nissy,Sisneros,nsisneros5o@g.co,Female,(313) 4810689
206,Marty,Filyukov,mfilyukov5p@scribd.com,Female,(112) 6355130
207,Demetre,Fatkin,dfatkin5q@com.com,Male,(226) 5777331
208,Burtie,Pinard,bpinard5r@marriott.com,Male,(237) 5337260
209,Durante,Alfuso,dalfuso5s@twitter.com,Male,(293) 3318262
210,Maryanna,McSherry,mmcsherry5t@yahoo.co.jp,Female,(327) 7279629
211,Kippie,Pickin,kpickin5u@go.com,Female,(471) 5186151
212,Dahlia,Dwire,ddwire5v@pen.io,Female,(586) 5787580
213,Cal,Philpin,cphilpin5w@businesswire.com,Female,(387) 6016338
214,Jeniece,Ebunoluwa,jebunoluwa5x@prweb.com,Female,(383) 4340951
215,Suzi,Newson,snewson5y@economist.com,Female,(358) 3061960
216,Claudia,Rizzetti,crizzetti5z@dropbox.com,Female,(169) 5782547
217,Theodoric,Spadelli,tspadelli60@walmart.com,Male,(872) 8145631
218,Marice,Littlejohns,mlittlejohns61@diigo.com,Female,(183) 7086271
219,Felicio,Byass,fbyass62@umich.edu,Male,(491) 1126426
220,Abelard,Mantrip,amantrip63@patch.com,Male,(340) 1194491
221,Deb,Ionn,dionn64@acquirethisname.com,Female,(184) 6693498
222,Hyacintha,Durbyn,hdurbyn65@google.cn,Female,(925) 8551499
223,Zeb,Jenoure,zjenoure66@ameblo.jp,Male,(753) 4955216
224,Tadeas,Peirce,tpeirce67@businesswire.com,Male,(547) 3712007
225,Rossy,Merrall,rmerrall68@techcrunch.com,Male,(631) 8730810
226,Blithe,Exroll,bexroll69@census.gov,Female,(834) 1692198
227,Harriette,Colclough,hcolclough6a@gov.uk,Female,(406) 9175975
228,Beret,Paolone,bpaolone6b@nba.com,Female,(696) 5500067
229,Anders,Dedden,adedden6c@cam.ac.uk,Male,(946) 9600763
230,Vernor,Stangroom,vstangroom6d@intel.com,Male,(109) 5476415
231,Esta,Gibling,egibling6e@forbes.com,Female,(619) 4094532
232,Antone,Streetley,astreetley6f@google.com.au,Male,(971) 8960096
233,Phoebe,Capner,pcapner6g@seattletimes.com,Female,(767) 7530880
234,Stafford,Hesser,shesser6h@arizona.edu,Male,(388) 8887744
235,Lorita,Bollum,lbollum6i@reference.com,Female,(195) 8732396
236,Una,Burner,uburner6j@addthis.com,Female,(866) 7282729
237,Giff,Somers,gsomers6k@statcounter.com,Male,(914) 1146727
238,Lorine,Rotham,lrotham6l@shareasale.com,Female,(670) 7853434
239,Francine,Blanko,fblanko6m@cpanel.net,Female,(334) 2082032
240,Valera,Kliemchen,vkliemchen6n@newsvine.com,Female,(235) 1495604
241,Arlin,Fellona,afellona6o@google.nl,Male,(619) 3794950
242,Garold,Hollington,ghollington6p@ocn.ne.jp,Male,(182) 6461388
243,Holden,Stiegars,hstiegars6q@epa.gov,Male,(739) 8523422
244,Hilliard,Choulerton,hchoulerton6r@usnews.com,Male,(979) 4102783
245,Ignaz,Kubach,ikubach6s@ucoz.com,Male,(665) 7413338
246,Seumas,Joe,sjoe6t@sun.com,Male,(908) 1040127
247,Vinnie,McCulloch,vmcculloch6u@miibeian.gov.cn,Female,(884) 4497267
248,Gretta,Couth,gcouth6v@scientificamerican.com,Female,(126) 8935533
249,Steward,Nayshe,snayshe6w@spotify.com,Male,(287) 6329077
250,Kelley,Pechan,kpechan6x@ycombinator.com,Female,(319) 8363491
251,Brook,Dayment,bdayment6y@ed.gov,Female,(330) 3675322
252,Ellary,Burchnall,eburchnall6z@timesonline.co.uk,Male,(168) 6796718
253,Haven,Maliffe,hmaliffe70@wunderground.com,Male,(685) 8342947
254,Johnathan,Saipy,jsaipy71@globo.com,Male,(208) 8444155
255,Cart,Shirer,cshirer72@fotki.com,Male,(175) 8823231
256,Martita,Laying,mlaying73@si.edu,Female,(952) 6917365
257,Elden,Bresland,ebresland74@fotki.com,Male,(809) 3350393
258,Gardener,Gleaves,ggleaves75@dedecms.com,Male,(164) 7832300
259,Jenica,Zanettini,jzanettini76@sfgate.com,Female,(501) 9174360
260,Meridith,Masden,mmasden77@amazon.com,Female,(261) 1880728
261,Lowrance,Hessentaler,lhessentaler78@harvard.edu,Male,(597) 1833262
262,Marve,Hyne,mhyne79@xing.com,Male,(459) 9258107
263,Normy,Mc Carrick,nmccarrick7a@auda.org.au,Male,(661) 2217996
264,Marget,Saladin,msaladin7b@mediafire.com,Female,(777) 1700442
265,Cissiee,Krimmer,ckrimmer7c@foxnews.com,Female,(135) 1587759
266,Woody,Bampford,wbampford7d@eventbrite.com,Male,(297) 6718717
267,Heall,Larkins,hlarkins7e@scribd.com,Male,(518) 3634671
268,Luciano,Ivell,livell7f@typepad.com,Male,(714) 6845668
269,Rourke,Gelling,rgelling7g@mashable.com,Male,(572) 3329447
270,Inigo,Boycott,iboycott7h@kickstarter.com,Male,(422) 9853467
271,Page,Willshere,pwillshere7i@taobao.com,Male,(212) 1499397
272,Anni,Pickwell,apickwell7j@elpais.com,Female,(982) 5022846
273,Alma,Bailles,abailles7k@so-net.ne.jp,Female,(397) 8005809
274,Stephie,Rideout,srideout7l@microsoft.com,Female,(846) 6728523
275,Mack,Offiler,moffiler7m@ucoz.com,Male,(970) 4955305
276,Shirlee,Gatling,sgatling7n@wikipedia.org,Female,(343) 3231019
277,Hansiain,Seymour,hseymour7o@cornell.edu,Male,(426) 1143692
278,Sherwynd,Jindracek,sjindracek7p@is.gd,Male,(293) 4751994
279,Berni,Mellon,bmellon7q@gmpg.org,Female,(920) 2127874
280,Herb,Scritch,hscritch7r@amazon.de,Male,(448) 6129833
281,Lynsey,Keeler,lkeeler7s@clickbank.net,Female,(820) 7915138
282,Lonee,Rignoldes,lrignoldes7t@unesco.org,Female,(501) 7873771
283,Allayne,Cobson,acobson7u@un.org,Male,(804) 7618946
284,Jannel,Bonnar,jbonnar7v@jigsy.com,Female,(676) 4139190
285,Jacobo,Wardhaugh,jwardhaugh7w@163.com,Male,(250) 3253683
286,Sibyl,Duffill,sduffill7x@narod.ru,Male,(239) 2598125
287,Morganne,Trewman,mtrewman7y@sohu.com,Female,(255) 6170890
288,Ella,Bulfield,ebulfield7z@livejournal.com,Female,(211) 6850882
289,Carmella,Shanley,cshanley80@elpais.com,Female,(788) 9973512
290,Ebenezer,Harcarse,eharcarse81@meetup.com,Male,(284) 6950065
291,Ulick,Roobottom,uroobottom82@wordpress.com,Male,(643) 8596796
292,Evania,Venny,evenny83@elpais.com,Female,(553) 4841429
293,Adaline,Dainter,adainter84@hao123.com,Female,(282) 8980420
294,Cinnamon,Merington,cmerington85@lulu.com,Female,(866) 1201387
295,Bord,Burehill,bburehill86@newsvine.com,Male,(674) 3677254
296,Salome,Sanbrook,ssanbrook87@yandex.ru,Female,(627) 7427587
297,Elyssa,Jealous,ejealous88@google.com,Female,(551) 4964756
298,Nanete,Giacomoni,ngiacomoni89@reverbnation.com,Female,(128) 2585414
299,Merry,Taile,mtaile8a@xinhuanet.com,Female,(539) 6701750
300,Joel,Elstob,jelstob8b@huffingtonpost.com,Male,(949) 4891417
301,Moses,Blankley,mblankley8c@slashdot.org,Male,(897) 6172541
302,Iona,Ommanney,iommanney8d@trellian.com,Female,(898) 5290364
303,Bronny,Ubsdall,bubsdall8e@unblog.fr,Male,(218) 8698662
304,Allie,Keppy,akeppy8f@nyu.edu,Female,(171) 2142326
305,Ward,D'Errico,wderrico8g@ucsd.edu,Male,(582) 9044159
306,Dwayne,MacGibbon,dmacgibbon8h@illinois.edu,Male,(654) 9777236
307,Remus,Float,rfloat8i@ibm.com,Male,(807) 1738099
308,Ella,Caesman,ecaesman8j@scribd.com,Female,(153) 7452378
309,Brooks,Buckel,bbuckel8k@purevolume.com,Male,(190) 3864457
310,Sheffie,Izzatt,sizzatt8l@discovery.com,Male,(541) 3516552
311,Loralyn,Winsbury,lwinsbury8m@sourceforge.net,Female,(921) 5361910
312,Anette,Wahncke,awahncke8n@unesco.org,Female,(547) 8372424
313,Margarette,Bassick,mbassick8o@g.co,Female,(161) 5368778
314,Horacio,Hendrickx,hhendrickx8p@1688.com,Male,(402) 4686471
315,Marshal,Harvatt,mharvatt8q@latimes.com,Male,(121) 7971033
316,Marje,Hackwell,mhackwell8r@go.com,Female,(682) 7236056
317,Sharl,Grisbrook,sgrisbrook8s@freewebs.com,Female,(617) 2960345
318,Goldina,Dwire,gdwire8t@exblog.jp,Female,(404) 1062218
319,Buckie,McHan,bmchan8u@howstuffworks.com,Male,(978) 2611269
320,Jamil,Stanesby,jstanesby8v@google.co.uk,Male,(421) 1184151
321,Shaughn,Blease,sblease8w@gizmodo.com,Male,(927) 7156228
322,Kris,Batson,kbatson8x@tuttocitta.it,Male,(527) 9123087
323,Nate,Tizzard,ntizzard8y@ted.com,Male,(639) 2731920
324,Sutherlan,Alston,salston8z@cbsnews.com,Male,(799) 2903985
325,Ilaire,Fairlam,ifairlam90@dagondesign.com,Male,(922) 9064224
326,Haily,Pearle,hpearle91@jigsy.com,Male,(464) 9992151
327,Ramona,Savil,rsavil92@salon.com,Female,(586) 9443343
328,Bartholomeus,Roderigo,broderigo93@businesswire.com,Male,(753) 6156405
329,Harmonia,Dimitrescu,hdimitrescu94@blogger.com,Female,(274) 9686091
330,Hercule,Schellig,hschellig95@exblog.jp,Male,(517) 1899877
331,Atlante,Chasson,achasson96@bbb.org,Female,(654) 2851790
332,Elvira,Twiggins,etwiggins97@bbb.org,Female,(961) 4601709
333,Weston,Le Fevre,wlefevre98@npr.org,Male,(691) 1793073
334,Gabie,Corcoran,gcorcoran99@surveymonkey.com,Male,(463) 9927709
335,Baxy,McLennan,bmclennan9a@cisco.com,Male,(580) 1126427
336,Harley,Gitthouse,hgitthouse9b@elpais.com,Male,(252) 7672420
337,Reinold,Fullick,rfullick9c@booking.com,Male,(512) 1352728
338,Demeter,Maylam,dmaylam9d@state.gov,Female,(190) 4384838
339,Dulcia,Dever,ddever9e@bandcamp.com,Female,(830) 5295710
340,Trista,Stolle,tstolle9f@digg.com,Female,(513) 9701986
341,Lian,Beaglehole,lbeaglehole9g@weather.com,Female,(217) 1821051
342,Iain,Hardeman,ihardeman9h@behance.net,Male,(273) 8494228
343,Stevie,Sheather,ssheather9i@networkadvertising.org,Male,(786) 9083446
344,Carree,Dybald,cdybald9j@altervista.org,Female,(318) 7571019
345,Giselle,Trevena,gtrevena9k@businesswire.com,Female,(147) 5537446
346,Ralina,Petyanin,rpetyanin9l@ucoz.ru,Female,(805) 6987161
347,Darryl,Chirm,dchirm9m@ftc.gov,Male,(915) 5892008
348,Amelie,Mildner,amildner9n@google.de,Female,(428) 6535712
349,Hunter,Walewski,hwalewski9o@google.com.au,Male,(404) 1228609
350,Mirilla,Benediktsson,mbenediktsson9p@earthlink.net,Female,(182) 7250107
351,Arlyne,Scrinage,ascrinage9q@domainmarket.com,Female,(405) 8734249
352,Caresse,MacKowle,cmackowle9r@latimes.com,Female,(877) 7887410
353,Piper,Lopes,plopes9s@sourceforge.net,Female,(551) 6152911
354,Reamonn,Mucci,rmucci9t@skyrock.com,Male,(514) 9793622
355,Even,Salter,esalter9u@plala.or.jp,Male,(177) 3776922
356,Gorden,Deakes,gdeakes9v@elegantthemes.com,Male,(619) 7130522
357,Jorey,Pinnick,jpinnick9w@cmu.edu,Female,(807) 8970451
358,Eb,Jeafferson,ejeafferson9x@ebay.co.uk,Male,(396) 3312556
359,Hillyer,Champerlen,hchamperlen9y@squarespace.com,Male,(316) 1386441
360,Halsy,Mulvagh,hmulvagh9z@nasa.gov,Male,(268) 6706724
361,Ilise,Pursehouse,ipursehousea0@aol.com,Female,(940) 4586047
362,Rubin,Van Zon,rvanzona1@pinterest.com,Male,(943) 9193720
363,Lorenzo,Fawdry,lfawdrya2@mediafire.com,Male,(138) 7589352
364,Franciskus,Coghill,fcoghilla3@ezinearticles.com,Male,(332) 3493519
365,Gerri,Adamovicz,gadamovicza4@domainmarket.com,Male,(117) 5820486
366,Shepherd,Harfleet,sharfleeta5@bizjournals.com,Male,(596) 1399665
367,Mariel,Nornable,mnornablea6@jiathis.com,Female,(630) 3331658
368,Nickey,Pinching,npinchinga7@xrea.com,Male,(168) 1000429
369,Evangelina,Leaves,eleavesa8@earthlink.net,Female,(808) 2575569
370,Frederick,Marien,fmariena9@live.com,Male,(727) 6444162
371,Ronda,Thulborn,rthulbornaa@photobucket.com,Female,(375) 9245994
372,Lewie,Quibell,lquibellab@tiny.cc,Male,(757) 6799870
373,Raoul,Farr,rfarrac@unicef.org,Male,(884) 9303100
374,Benetta,Laughren,blaughrenad@typepad.com,Female,(398) 9170946
375,Omero,Rebanks,orebanksae@accuweather.com,Male,(380) 6782250
376,Billie,Stoneley,bstoneleyaf@people.com.cn,Male,(182) 5885841
377,Gilbertine,Faccini,gfacciniag@tripadvisor.com,Female,(123) 9588631
378,Dedra,Shevill,dshevillah@europa.eu,Female,(612) 2336966
379,Lock,Saladin,lsaladinai@independent.co.uk,Male,(997) 7709842
380,Nils,Pettiford,npettifordaj@techcrunch.com,Male,(201) 8981122
381,Nobe,Somerscales,nsomerscalesak@forbes.com,Male,(906) 4031650
382,Wolfgang,Brymner,wbrymneral@people.com.cn,Male,(117) 7679747
383,Mindy,Grandisson,mgrandissonam@un.org,Female,(514) 8744984
384,Kacie,Mattschas,kmattschasan@g.co,Female,(907) 7928017
385,Sebastiano,Wych,swychao@wikia.com,Male,(851) 4197052
386,Ann,Lording,alordingap@jugem.jp,Female,(325) 3056125
387,Morse,Jennings,mjenningsaq@google.com.au,Male,(391) 1471573
388,Phillip,Cherrie,pcherriear@bigcartel.com,Male,(297) 6324205
389,Cobbie,Yeude,cyeudeas@dedecms.com,Male,(967) 8287175
390,Alika,Chieco,achiecoat@narod.ru,Female,(318) 4065201
391,Curry,Yeliashev,cyeliashevau@reverbnation.com,Male,(739) 4600671
392,Anatole,Kilvington,akilvingtonav@jimdo.com,Male,(545) 9992793
393,Carola,Dowling,cdowlingaw@csmonitor.com,Female,(140) 9901635
394,Halimeda,Dumbrall,hdumbrallax@ning.com,Female,(946) 6951597
395,Kennan,Relfe,krelfeay@army.mil,Male,(490) 4936404
396,Jazmin,Espina,jespinaaz@craigslist.org,Female,(528) 5237793
397,Alistair,Presswell,apresswellb0@goo.gl,Male,(529) 3098019
398,Rainer,Damarell,rdamarellb1@addtoany.com,Male,(100) 5837577
399,Percy,Sarver,psarverb2@histats.com,Male,(100) 6273756
400,Dotti,Flinders,dflindersb3@loc.gov,Female,(573) 5731647
401,Randa,Marder,rmarderb4@icio.us,Female,(519) 1738805
402,Cristy,Trivett,ctrivettb5@china.com.cn,Female,(300) 2242756
403,Lebbie,Dawidowitz,ldawidowitzb6@soundcloud.com,Female,(269) 6821877
404,Wynne,Knifton,wkniftonb7@diigo.com,Female,(875) 4001621
405,Moselle,Thorsby,mthorsbyb8@addtoany.com,Female,(192) 7249021
406,Aime,Southcomb,asouthcombb9@ifeng.com,Female,(202) 5703704
407,Miller,Karpov,mkarpovba@ehow.com,Male,(216) 2329965
408,Clerkclaude,Keyhoe,ckeyhoebb@nyu.edu,Male,(814) 3739353
409,Hannis,Vlasov,hvlasovbc@opensource.org,Female,(740) 4037284
410,Clari,Cooling,ccoolingbd@pcworld.com,Female,(987) 6147273
411,Lena,Reveley,lreveleybe@ucoz.ru,Female,(231) 5157620
412,Graig,Pibsworth,gpibsworthbf@time.com,Male,(577) 6456837
413,Ernie,Floch,eflochbg@columbia.edu,Male,(973) 5774358
414,Shay,Purchall,spurchallbh@shareasale.com,Male,(860) 6934529
415,Clementina,Jaszczak,cjaszczakbi@samsung.com,Female,(764) 7569790
416,Blair,Bohlsen,bbohlsenbj@yandex.ru,Female,(863) 9654628
417,Lira,Heis,lheisbk@technorati.com,Female,(791) 2289491
418,Abigael,Kohler,akohlerbl@prnewswire.com,Female,(471) 9920728
419,Phaidra,Downgate,pdowngatebm@umn.edu,Female,(967) 3159456
420,Hyacintha,Jerzyk,hjerzykbn@wired.com,Female,(350) 1154873
421,Ricky,Toffel,rtoffelbo@craigslist.org,Male,(207) 5195777
422,Rivkah,Kremer,rkremerbp@example.com,Female,(253) 3262410
423,Christa,Goadby,cgoadbybq@google.de,Female,(661) 2646898
424,Henri,Cawt,hcawtbr@hud.gov,Male,(862) 5441039
425,Read,Sartin,rsartinbs@jimdo.com,Male,(360) 6814899
426,Peggie,Bauduccio,pbauducciobt@walmart.com,Female,(136) 3597524
427,Gregorius,Basson,gbassonbu@alibaba.com,Male,(932) 4563304
428,Melisenda,Pestridge,mpestridgebv@ebay.co.uk,Female,(974) 8539083
429,Hakeem,Duddell,hduddellbw@msu.edu,Male,(407) 7653748
430,Wallis,Adacot,wadacotbx@altervista.org,Female,(968) 7388628
431,Jayme,Jepensen,jjepensenby@ucoz.ru,Male,(559) 6951449
432,Almeria,Nesby,anesbybz@tiny.cc,Female,(904) 1637749
433,Kerianne,Laurentin,klaurentinc0@earthlink.net,Female,(548) 4161981
434,Bent,Hawksworth,bhawksworthc1@rakuten.co.jp,Male,(102) 1114809
435,Joann,Cattell,jcattellc2@shareasale.com,Female,(989) 9732767
436,Wendi,Conrath,wconrathc3@twitpic.com,Female,(960) 2688464
437,Hewet,Beavon,hbeavonc4@miibeian.gov.cn,Male,(123) 4192793
438,Saunder,Scripps,sscrippsc5@nba.com,Male,(155) 1138260
439,Ruddy,Massingberd,rmassingberdc6@123-reg.co.uk,Male,(725) 8881978
440,Pepita,Collet,pcolletc7@technorati.com,Female,(364) 9112190
441,Stefania,Osan,sosanc8@mozilla.org,Female,(619) 9749397
442,Pegeen,Frobisher,pfrobisherc9@statcounter.com,Female,(327) 7799853
443,Kaela,Pomphrett,kpomphrettca@tripadvisor.com,Female,(666) 5012806
444,Durant,Faireclough,dfairecloughcb@tripod.com,Male,(484) 4563468
445,Andrei,Larmouth,alarmouthcc@nydailynews.com,Female,(812) 3845966
446,Frederica,Varah,fvarahcd@about.me,Female,(191) 5604855
447,Benjamen,Oldaker,boldakerce@fc2.com,Male,(836) 2860367
448,Giusto,Dosedale,gdosedalecf@opensource.org,Male,(339) 2906505
449,Gerrard,Nurse,gnursecg@netvibes.com,Male,(879) 8007292
450,Cariotta,Glancy,cglancych@gnu.org,Female,(742) 6161549
451,Manuel,Skeldinge,mskeldingeci@dagondesign.com,Male,(929) 9323779
452,Kimbra,Darrigone,kdarrigonecj@webnode.com,Female,(114) 6272171
453,Kort,O'Leahy,koleahyck@fastcompany.com,Male,(672) 1381913
454,Teodora,Dugan,tdugancl@home.pl,Female,(805) 7951342
455,Hobard,Cremen,hcremencm@about.com,Male,(844) 9599699
456,Brew,Duddridge,bduddridgecn@time.com,Male,(192) 7655681
457,Annabela,Trevino,atrevinoco@psu.edu,Female,(911) 7839786
458,Tab,Delnevo,tdelnevocp@infoseek.co.jp,Male,(953) 3155043
459,Mathew,Swyn,mswyncq@meetup.com,Male,(275) 8573149
460,Dawn,Gorcke,dgorckecr@unblog.fr,Female,(350) 8930432
461,Fabien,Badrock,fbadrockcs@redcross.org,Male,(685) 3020555
462,Beck,Fiddymont,bfiddymontct@trellian.com,Male,(949) 9189361
463,Dido,Clemmett,dclemmettcu@msn.com,Female,(279) 5254449
464,Hortensia,O'Dowgaine,hodowgainecv@shareasale.com,Female,(138) 6953472
465,Obed,Glew,oglewcw@smh.com.au,Male,(702) 2267716
466,Jared,Newbigging,jnewbiggingcx@microsoft.com,Male,(395) 1218354
467,Gerek,McDonough,gmcdonoughcy@omniture.com,Male,(385) 5617663
468,Fredia,Jensen,fjensencz@nps.gov,Female,(881) 4019663
469,Allsun,Caney,acaneyd0@addthis.com,Female,(255) 6666428
470,Linette,Povall,lpovalld1@slashdot.org,Female,(509) 2331303
471,Josiah,Reimer,jreimerd2@barnesandnoble.com,Male,(256) 5572920
472,Gusty,Batalle,gbatalled3@intel.com,Female,(997) 5667141
473,Ransom,Conti,rcontid4@photobucket.com,Male,(377) 6873007
474,Delmar,Lillicrap,dlillicrapd5@weebly.com,Male,(729) 9269622
475,Perle,Derdes,pderdesd6@123-reg.co.uk,Female,(295) 8102743
476,Domini,Landy,dlandyd7@cpanel.net,Female,(631) 9882265
477,Riccardo,Shuttell,rshuttelld8@tinypic.com,Male,(930) 4085407
478,Hildegarde,Loder,hloderd9@bbc.co.uk,Female,(277) 7681074
479,Tiphanie,Smeall,tsmeallda@intel.com,Female,(713) 7410882
480,Berkeley,Sitford,bsitforddb@techcrunch.com,Male,(236) 1323125
481,Roanna,Quinton,rquintondc@reference.com,Female,(424) 4516198
482,Carine,Howsego,chowsegodd@geocities.jp,Female,(443) 3625561
483,Adan,Sleeman,asleemande@cisco.com,Female,(562) 3387577
484,Vivyan,Swyndley,vswyndleydf@blog.com,Female,(968) 7819223
485,Reiko,Bayle,rbayledg@tinypic.com,Female,(670) 6503760
486,Corinne,McCrea,cmccreadh@icq.com,Female,(556) 4236393
487,Rochelle,Dobinson,rdobinsondi@indiegogo.com,Female,(526) 1299518
488,Janey,Schulkins,jschulkinsdj@wiley.com,Female,(867) 9932812
489,Paolo,Gerb,pgerbdk@soup.io,Male,(639) 7588182
490,Therine,Heinle,theinledl@flickr.com,Female,(193) 4846249
491,Janeczka,Pipping,jpippingdm@odnoklassniki.ru,Female,(776) 5406690
492,Charin,Walenta,cwalentadn@canalblog.com,Female,(625) 1196856
493,Ralf,Headon,rheadondo@imgur.com,Male,(109) 2962218
494,Amara,Geany,ageanydp@issuu.com,Female,(982) 3156256
495,Ninnetta,Learmonth,nlearmonthdq@vistaprint.com,Female,(486) 8388068
496,Loren,Smails,lsmailsdr@nba.com,Male,(927) 5376993
497,Lionel,Teasdale,lteasdaleds@harvard.edu,Male,(162) 4807360
498,Herminia,Mustoo,hmustoodt@auda.org.au,Female,(384) 9857702
499,Ruperta,Capon,rcapondu@hexun.com,Female,(956) 6732054
500,Berni,Crosse,bcrossedv@skype.com,Female,(188) 3549759
